Время (часы),Давление (атм)
0.0,100.0
0.016666666666666666,100.0
0.03333333333333333,100.0
0.05,100.0
0.06666666666666667,100.0
0.08333333333333333,100.0
0.1,100.0
0.11666666666666667,100.0
0.13333333333333333,100.0
0.15,100.0
0.16666666666666666,100.0
0.18333333333333332,100.0
0.2,100.0
0.21666666666666667,100.0
0.23333333333333334,100.0
0.25,100.0
0.26666666666666666,100.0
0.2833333333333333,100.0
0.3,100.0
0.31666666666666665,100.0
0.3333333333333333,100.0
0.35,100.0
0.36666666666666664,100.0
0.3833333333333333,100.0
0.4,100.0
0.4166666666666667,100.0
0.43333333333333335,100.0
0.45,100.0
0.4666666666666667,100.0
0.48333333333333334,100.0
0.5,100.0
0.5166666666666666,100.0
0.5333333333333333,100.0
0.55,100.0
0.5666666666666667,100.0
0.5833333333333334,100.0
0.6,100.0
0.6166666666666667,100.0
0.6333333333333333,100.0
0.65,100.0
0.6666666666666666,100.0
0.6833333333333333,100.0
0.7,100.0
0.7166666666666667,100.0
0.7333333333333333,100.0
0.75,100.0
0.7666666666666666,100.0
0.7833333333333333,100.0
0.8,100.0
0.8166666666666667,100.0
0.8333333333333334,100.0
0.85,100.0
0.8666666666666667,100.0
0.8833333333333333,100.0
0.9,100.0
0.9166666666666666,100.0
0.9333333333333333,100.0
0.95,100.0
0.9666666666666667,100.0
0.9833333333333333,100.0
1.0,100.0
1.0166666666666666,100.0
1.0333333333333332,100.0
1.05,100.0
1.0666666666666667,100.0
1.0833333333333333,100.0
1.1,100.0
1.1166666666666667,100.0
1.1333333333333333,100.0
1.15,100.0
1.1666666666666667,100.0
1.1833333333333333,100.0
1.2,100.0
1.2166666666666666,100.0
1.2333333333333334,100.0
1.25,100.0
1.2666666666666666,100.0
1.2833333333333332,100.0
1.3,100.0
1.3166666666666667,100.0
1.3333333333333333,100.0
1.35,100.0
1.3666666666666667,100.0
1.3833333333333333,100.0
1.4,100.0
1.4166666666666667,100.0
1.4333333333333333,100.0
1.45,100.0
1.4666666666666666,100.0
1.4833333333333334,100.0
1.5,100.0
1.5166666666666666,100.0
1.5333333333333332,100.0
1.55,100.0
1.5666666666666667,100.0
1.5833333333333333,100.0
1.6,100.0
1.6166666666666667,100.0
1.6333333333333333,100.0
1.65,100.0
1.6666666666666667,100.0
1.6833333333333333,100.0
1.7,100.0
1.7166666666666666,100.0
1.7333333333333334,100.0
1.75,100.0
1.7666666666666666,100.0
1.7833333333333332,100.0
1.8,100.0
1.8166666666666667,100.0
1.8333333333333333,100.0
1.8499999999999999,100.0
1.8666666666666667,100.0
1.8833333333333333,100.0
1.9,100.0
1.9166666666666667,100.0
1.9333333333333333,100.0
1.95,100.0
1.9666666666666666,100.0
1.9833333333333334,100.0
2.0,100.0
2.0166666666666666,100.0
2.033333333333333,100.0
2.05,100.0
2.0666666666666664,100.0
2.0833333333333335,100.0
2.1,100.0
2.1166666666666667,100.0
2.1333333333333333,100.0
2.15,100.0
2.1666666666666665,100.0
2.183333333333333,100.0
2.2,100.0
2.216666666666667,100.0
2.2333333333333334,100.0
2.25,100.0
2.2666666666666666,100.0
2.283333333333333,100.0
2.3,100.0
2.3166666666666664,100.0
2.3333333333333335,100.0
2.35,100.0
2.3666666666666667,100.0
2.3833333333333333,100.0
2.4,100.0
2.4166666666666665,100.0
2.433333333333333,100.0
2.45,100.0
2.466666666666667,100.0
2.4833333333333334,100.0
2.5,100.0
2.5166666666666666,100.0
2.533333333333333,100.0
2.55,100.0
2.5666666666666664,100.0
2.5833333333333335,100.0
2.6,100.0
2.6166666666666667,100.0
2.6333333333333333,100.0
2.65,100.0
2.6666666666666665,100.0
2.683333333333333,100.0
2.7,100.0
2.716666666666667,100.0
2.7333333333333334,100.0
2.75,100.0
2.7666666666666666,100.0
2.783333333333333,100.0
2.8,100.0
2.8166666666666664,100.0
2.8333333333333335,100.0
2.85,100.0
2.8666666666666667,100.0
2.8833333333333333,100.0
2.9,100.0
2.9166666666666665,100.0
2.933333333333333,100.0
2.95,100.0
2.966666666666667,100.0
2.9833333333333334,100.0
3.0,100.0
3.0166666666666666,100.0
3.033333333333333,100.0
3.05,100.0
3.0666666666666664,100.0
3.0833333333333335,100.0
3.1,100.0
3.1166666666666667,100.0
3.1333333333333333,100.0
3.15,100.0
3.1666666666666665,100.0
3.183333333333333,100.0
3.2,100.0
3.216666666666667,100.0
3.2333333333333334,100.0
3.25,100.0
3.2666666666666666,100.0
3.283333333333333,100.0
3.3,100.0
3.3166666666666664,100.0
3.3333333333333335,100.0
3.35,100.0
3.3666666666666667,100.0
3.3833333333333333,100.0
3.4,100.0
3.4166666666666665,100.0
3.433333333333333,100.0
3.4499999999999997,100.0
3.466666666666667,100.0
3.4833333333333334,100.0
3.5,100.0
3.5166666666666666,100.0
3.533333333333333,100.0
3.55,100.0
3.5666666666666664,100.0
3.5833333333333335,100.0
3.6,100.0
3.6166666666666667,100.0
3.6333333333333333,100.0
3.65,100.0
3.6666666666666665,100.0
3.683333333333333,100.0
3.6999999999999997,100.0
3.716666666666667,100.0
3.7333333333333334,100.0
3.75,100.0
3.7666666666666666,100.0
3.783333333333333,100.0
3.8,100.0
3.8166666666666664,100.0
3.8333333333333335,100.0
3.85,100.0
3.8666666666666667,100.0
3.8833333333333333,100.0
3.9,100.0
3.9166666666666665,100.0
3.933333333333333,100.0
3.9499999999999997,100.0
3.966666666666667,100.0
3.9833333333333334,100.0
4.0,100.0
4.016666666666667,100.0
4.033333333333333,100.0
4.05,100.0
4.066666666666666,100.0
4.083333333333333,100.0
4.1,100.0
4.116666666666666,100.0
4.133333333333333,100.0
4.15,100.0
4.166666666666667,100.0
4.183333333333334,100.0
4.2,100.0
4.216666666666667,100.0
4.233333333333333,100.0
4.25,100.0
4.266666666666667,100.0
4.283333333333333,100.0
4.3,100.0
4.316666666666666,100.0
4.333333333333333,100.0
4.35,100.0
4.366666666666666,100.0
4.383333333333333,100.0
4.4,100.0
4.416666666666667,100.0
4.433333333333334,100.0
4.45,100.0
4.466666666666667,100.0
4.483333333333333,100.0
4.5,100.0
4.516666666666667,100.0
4.533333333333333,100.0
4.55,100.0
4.566666666666666,100.0
4.583333333333333,100.0
4.6,100.0
4.616666666666666,100.0
4.633333333333333,100.0
4.65,100.0
4.666666666666667,100.0
4.683333333333334,100.0
4.7,100.0
4.716666666666667,100.0
4.733333333333333,100.0
4.75,100.0
4.766666666666667,100.0
4.783333333333333,100.0
4.8,100.0
4.816666666666666,100.0
4.833333333333333,100.0
4.85,100.0
4.866666666666666,100.0
4.883333333333333,100.0
4.9,100.0
4.916666666666667,100.0
4.933333333333334,100.0
4.95,100.0
4.966666666666667,100.0
4.983333333333333,100.0
5.0,100.0
5.016666666666667,100.16666666666667
5.033333333333333,100.33333333333333
5.05,100.5
5.066666666666666,100.66666666666667
5.083333333333333,100.83333333333333
5.1,101.0
5.116666666666666,101.16666666666667
5.133333333333333,101.33333333333333
5.15,101.5
5.166666666666667,101.66666666666667
5.183333333333334,101.83333333333333
5.2,102.0
5.216666666666667,102.16666666666667
5.233333333333333,102.33333333333333
5.25,102.5
5.266666666666667,102.66666666666667
5.283333333333333,102.83333333333333
5.3,103.0
5.316666666666666,103.16666666666667
5.333333333333333,103.33333333333333
5.35,103.5
5.366666666666666,103.66666666666667
5.383333333333333,103.83333333333333
5.4,104.0
5.416666666666667,104.16666666666667
5.433333333333334,104.33333333333333
5.45,104.5
5.466666666666667,104.66666666666667
5.483333333333333,104.83333333333333
5.5,105.0
5.516666666666667,105.16666666666667
5.533333333333333,105.33333333333333
5.55,105.5
5.566666666666666,105.66666666666667
5.583333333333333,105.83333333333333
5.6,106.0
5.616666666666666,106.16666666666667
5.633333333333333,106.33333333333333
5.65,106.5
5.666666666666667,106.66666666666667
5.683333333333334,106.83333333333333
5.7,107.0
5.716666666666667,107.16666666666667
5.733333333333333,107.33333333333333
5.75,107.5
5.766666666666667,107.66666666666667
5.783333333333333,107.83333333333333
5.8,108.0
5.816666666666666,108.16666666666667
5.833333333333333,108.33333333333333
5.85,108.5
5.866666666666666,108.66666666666667
5.883333333333333,108.83333333333333
5.9,109.0
5.916666666666667,109.16666666666667
5.933333333333334,109.33333333333333
5.95,109.5
5.966666666666667,109.66666666666667
5.983333333333333,109.83333333333333
6.0,110.0
6.016666666666667,110.16666666666667
6.033333333333333,110.33333333333333
6.05,110.5
6.066666666666666,110.66666666666667
6.083333333333333,110.83333333333333
6.1,111.0
6.116666666666666,111.16666666666667
6.133333333333333,111.33333333333333
6.15,111.5
6.166666666666667,111.66666666666667
6.183333333333334,111.83333333333333
6.2,112.0
6.216666666666667,112.16666666666667
6.233333333333333,112.33333333333333
6.25,112.5
6.266666666666667,112.66666666666667
6.283333333333333,112.83333333333333
6.3,113.0
6.316666666666666,113.16666666666667
6.333333333333333,113.33333333333333
6.35,113.5
6.366666666666666,113.66666666666667
6.383333333333333,113.83333333333333
6.4,114.0
6.416666666666667,114.16666666666667
6.433333333333334,114.33333333333333
6.45,114.5
6.466666666666667,114.66666666666667
6.483333333333333,114.83333333333333
6.5,115.0
6.516666666666667,115.16666666666667
6.533333333333333,115.33333333333333
6.55,115.5
6.566666666666666,115.66666666666667
6.583333333333333,115.83333333333333
6.6,116.0
6.616666666666666,116.16666666666666
6.633333333333333,116.33333333333333
6.6499999999999995,116.5
6.666666666666667,116.66666666666666
6.683333333333334,116.83333333333333
6.7,117.0
6.716666666666667,117.16666666666666
6.733333333333333,117.33333333333333
6.75,117.5
6.766666666666667,117.66666666666666
6.783333333333333,117.83333333333333
6.8,118.0
6.816666666666666,118.16666666666666
6.833333333333333,118.33333333333333
6.85,118.5
6.866666666666666,118.66666666666666
6.883333333333333,118.83333333333333
6.8999999999999995,119.0
6.916666666666667,119.16666666666666
6.933333333333334,119.33333333333333
6.95,119.5
6.966666666666667,119.66666666666666
6.983333333333333,119.83333333333333
7.0,120.0
7.016666666666667,120.16666666666666
7.033333333333333,120.33333333333333
7.05,120.5
7.066666666666666,120.66666666666666
7.083333333333333,120.83333333333333
7.1,121.0
7.116666666666666,121.16666666666666
7.133333333333333,121.33333333333333
7.1499999999999995,121.5
7.166666666666667,121.66666666666666
7.183333333333334,121.83333333333333
7.2,122.0
7.216666666666667,122.16666666666666
7.233333333333333,122.33333333333333
7.25,122.5
7.266666666666667,122.66666666666666
7.283333333333333,122.83333333333333
7.3,123.0
7.316666666666666,123.16666666666666
7.333333333333333,123.33333333333333
7.35,123.5
7.366666666666666,123.66666666666666
7.383333333333333,123.83333333333333
7.3999999999999995,124.0
7.416666666666667,124.16666666666666
7.433333333333334,124.33333333333333
7.45,124.5
7.466666666666667,124.66666666666666
7.483333333333333,124.83333333333333
7.5,125.0
7.516666666666667,125.16666666666666
7.533333333333333,125.33333333333333
7.55,125.5
7.566666666666666,125.66666666666666
7.583333333333333,125.83333333333333
7.6,126.0
7.616666666666666,126.16666666666666
7.633333333333333,126.33333333333333
7.6499999999999995,126.5
7.666666666666667,126.66666666666666
7.683333333333334,126.83333333333333
7.7,127.0
7.716666666666667,127.16666666666666
7.733333333333333,127.33333333333333
7.75,127.5
7.766666666666667,127.66666666666666
7.783333333333333,127.83333333333333
7.8,128.0
7.816666666666666,128.16666666666666
7.833333333333333,128.33333333333334
7.85,128.5
7.866666666666666,128.66666666666666
7.883333333333333,128.83333333333334
7.8999999999999995,129.0
7.916666666666667,129.16666666666666
7.933333333333334,129.33333333333334
7.95,129.5
7.966666666666667,129.66666666666666
7.983333333333333,129.83333333333334
8.0,130.0
8.016666666666666,130.16666666666666
8.033333333333333,130.33333333333334
8.05,130.5
8.066666666666666,130.66666666666666
8.083333333333334,130.83333333333334
8.1,131.0
8.116666666666667,131.16666666666666
8.133333333333333,131.33333333333334
8.15,131.5
8.166666666666666,131.66666666666666
8.183333333333334,131.83333333333334
8.2,132.0
8.216666666666667,132.16666666666666
8.233333333333333,132.33333333333331
8.25,132.5
8.266666666666666,132.66666666666666
8.283333333333333,132.83333333333331
8.3,133.0
8.316666666666666,133.16666666666666
8.333333333333334,133.33333333333331
8.35,133.5
8.366666666666667,133.66666666666666
8.383333333333333,133.83333333333331
8.4,134.0
8.416666666666666,134.16666666666666
8.433333333333334,134.33333333333331
8.45,134.5
8.466666666666667,134.66666666666666
8.483333333333333,134.83333333333331
8.5,135.0
8.516666666666666,135.16666666666666
8.533333333333333,135.33333333333331
8.55,135.5
8.566666666666666,135.66666666666666
8.583333333333334,135.83333333333331
8.6,136.0
8.616666666666667,136.16666666666666
8.633333333333333,136.33333333333331
8.65,136.5
8.666666666666666,136.66666666666666
8.683333333333334,136.83333333333331
8.7,137.0
8.716666666666667,137.16666666666666
8.733333333333333,137.33333333333331
8.75,137.5
8.766666666666666,137.66666666666666
8.783333333333333,137.83333333333331
8.8,138.0
8.816666666666666,138.16666666666666
8.833333333333334,138.33333333333331
8.85,138.5
8.866666666666667,138.66666666666666
8.883333333333333,138.83333333333331
8.9,139.0
8.916666666666666,139.16666666666666
8.933333333333334,139.33333333333331
8.95,139.5
8.966666666666667,139.66666666666666
8.983333333333333,139.83333333333331
9.0,140.0
9.016666666666666,100.0
9.033333333333333,100.0
9.05,100.0
9.066666666666666,100.0
9.083333333333334,100.0
9.1,100.0
9.116666666666667,100.0
9.133333333333333,100.0
9.15,100.0
9.166666666666666,100.0
9.183333333333334,100.0
9.2,100.0
9.216666666666667,100.0
9.233333333333333,100.0
9.25,100.0
9.266666666666666,100.0
9.283333333333333,100.0
9.3,100.0
9.316666666666666,100.0
9.333333333333334,100.0
9.35,100.0
9.366666666666667,100.0
9.383333333333333,100.0
9.4,100.0
9.416666666666666,100.0
9.433333333333334,100.0
9.45,100.0
9.466666666666667,100.0
9.483333333333333,100.0
9.5,100.0
9.516666666666666,100.0
9.533333333333333,100.0
9.55,100.0
9.566666666666666,100.0
9.583333333333334,100.0
9.6,100.0
9.616666666666667,100.0
9.633333333333333,100.0
9.65,100.0
9.666666666666666,100.0
9.683333333333334,100.0
9.7,100.0
9.716666666666667,100.0
9.733333333333333,100.0
9.75,100.0
9.766666666666666,100.0
9.783333333333333,100.0
9.8,100.0
9.816666666666666,100.0
9.833333333333334,100.0
9.85,100.0
9.866666666666667,100.0
9.883333333333333,100.0
9.9,100.0
9.916666666666666,100.0
9.933333333333334,100.0
9.95,100.0
9.966666666666667,100.0
9.983333333333333,100.0
10.0,100.0
10.016666666666666,100.0
10.033333333333333,100.0
10.05,100.0
10.066666666666666,100.0
10.083333333333334,100.0
10.1,100.0
10.116666666666667,100.0
10.133333333333333,100.0
10.15,100.0
10.166666666666666,100.0
10.183333333333334,100.0
10.2,100.0
10.216666666666667,100.0
10.233333333333333,100.0
10.25,100.0
10.266666666666666,100.0
10.283333333333333,100.0
10.3,100.0
10.316666666666666,100.0
10.333333333333334,100.0
10.35,100.0
10.366666666666667,100.0
10.383333333333333,100.0
10.4,100.0
10.416666666666666,100.0
10.433333333333334,100.0
10.45,100.0
10.466666666666667,100.0
10.483333333333333,100.0
10.5,100.0
10.516666666666666,100.0
10.533333333333333,100.0
10.55,100.0
10.566666666666666,100.0
10.583333333333334,100.0
10.6,100.0
10.616666666666667,100.0
10.633333333333333,100.0
10.65,100.0
10.666666666666666,100.0
10.683333333333334,100.0
10.7,100.0
10.716666666666667,100.0
10.733333333333333,100.0
10.75,100.0
10.766666666666666,100.0
10.783333333333333,100.0
10.8,100.0
10.816666666666666,100.0
10.833333333333334,100.0
10.85,100.0
10.866666666666667,100.0
10.883333333333333,100.0
10.9,100.0
10.916666666666666,100.0
10.933333333333334,100.0
10.95,100.0
10.966666666666667,100.0
10.983333333333333,100.0
11.0,100.0
11.016666666666666,100.0
11.033333333333333,100.0
11.05,100.0
11.066666666666666,100.0
11.083333333333334,100.0
11.1,100.0
11.116666666666667,100.0
11.133333333333333,100.0
11.15,100.0
11.166666666666666,100.0
11.183333333333334,100.0
11.2,100.0
11.216666666666667,100.0
11.233333333333333,100.0
11.25,100.0
11.266666666666666,100.0
11.283333333333333,100.0
11.3,100.0
11.316666666666666,100.0
11.333333333333334,100.0
11.35,100.0
11.366666666666667,100.0
11.383333333333333,100.0
11.4,100.0
11.416666666666666,100.0
11.433333333333334,100.0
11.45,100.0
11.466666666666667,100.0
11.483333333333333,100.0
11.5,100.0
11.516666666666666,100.0
11.533333333333333,100.0
11.55,100.0
11.566666666666666,100.0
11.583333333333334,100.0
11.6,100.0
11.616666666666667,100.0
11.633333333333333,100.0
11.65,100.0
11.666666666666666,100.0
11.683333333333334,100.0
11.7,100.0
11.716666666666667,100.0
11.733333333333333,100.0
11.75,100.0
11.766666666666666,100.0
11.783333333333333,100.0
11.8,100.0
11.816666666666666,100.0
11.833333333333334,100.0
11.85,100.0
11.866666666666667,100.0
11.883333333333333,100.0
11.9,100.0
11.916666666666666,100.0
11.933333333333334,100.0
11.95,100.0
11.966666666666667,100.0
11.983333333333333,100.0
12.0,100.0
12.016666666666666,100.0
12.033333333333333,100.0
12.05,100.0
12.066666666666666,100.0
12.083333333333334,100.0
12.1,100.0
12.116666666666667,100.0
12.133333333333333,100.0
12.15,100.0
12.166666666666666,100.0
12.183333333333334,100.0
12.2,100.0
12.216666666666667,100.0
12.233333333333333,100.0
12.25,100.0
12.266666666666666,100.0
12.283333333333333,100.0
12.3,100.0
12.316666666666666,100.0
12.333333333333334,100.0
12.35,100.0
12.366666666666667,100.0
12.383333333333333,100.0
12.4,100.0
12.416666666666666,100.0
12.433333333333334,100.0
12.45,100.0
12.466666666666667,100.0
12.483333333333333,100.0
12.5,100.0
12.516666666666666,100.0
12.533333333333333,100.0
12.55,100.0
12.566666666666666,100.0
12.583333333333334,100.0
12.6,100.0
12.616666666666667,100.0
12.633333333333333,100.0
12.65,100.0
12.666666666666666,100.0
12.683333333333334,100.0
12.7,100.0
12.716666666666667,100.0
12.733333333333333,100.0
12.75,100.0
12.766666666666666,100.0
12.783333333333333,100.0
12.8,100.0
12.816666666666666,100.0
12.833333333333334,100.0
12.85,100.0
12.866666666666667,100.0
12.883333333333333,100.0
12.9,100.0
12.916666666666666,100.0
12.933333333333334,100.0
12.95,100.0
12.966666666666667,100.0
12.983333333333333,100.0
13.0,100.0
13.016666666666666,100.0
13.033333333333333,100.0
13.049999999999999,100.0
13.066666666666666,100.0
13.083333333333334,100.0
13.1,100.0
13.116666666666667,100.0
13.133333333333333,100.0
13.15,100.0
13.166666666666666,100.0
13.183333333333334,100.0
13.2,100.0
13.216666666666667,100.0
13.233333333333333,100.0
13.25,100.0
13.266666666666666,100.0
13.283333333333333,100.0
13.299999999999999,100.0
13.316666666666666,100.0
13.333333333333334,100.0
13.35,100.0
13.366666666666667,100.0
13.383333333333333,100.0
13.4,100.0
13.416666666666666,100.0
13.433333333333334,100.0
13.45,100.0
13.466666666666667,100.0
13.483333333333333,100.0
13.5,100.0
13.516666666666666,100.0
13.533333333333333,100.0
13.549999999999999,100.0
13.566666666666666,100.0
13.583333333333334,100.0
13.6,100.0
13.616666666666667,100.0
13.633333333333333,100.0
13.65,100.0
13.666666666666666,100.0
13.683333333333334,100.0
13.7,100.0
13.716666666666667,100.0
13.733333333333333,100.0
13.75,100.0
13.766666666666666,100.0
13.783333333333333,100.0
13.799999999999999,100.0
13.816666666666666,100.0
13.833333333333334,100.0
13.85,100.0
13.866666666666667,100.0
13.883333333333333,100.0
13.9,100.0
13.916666666666666,100.0
13.933333333333334,100.0
13.95,100.0
13.966666666666667,100.0
13.983333333333333,100.0
14.0,100.0
14.016666666666666,100.0
14.033333333333333,100.0
14.049999999999999,100.0
14.066666666666666,100.0
14.083333333333334,100.0
14.1,100.0
14.116666666666667,100.0
14.133333333333333,100.0
14.15,100.0
14.166666666666666,100.0
14.183333333333334,100.0
14.2,100.0
14.216666666666667,100.0
14.233333333333333,100.0
14.25,100.0
14.266666666666666,100.0
14.283333333333333,100.0
14.299999999999999,100.0
14.316666666666666,100.0
14.333333333333334,100.0
14.35,100.0
14.366666666666667,100.0
14.383333333333333,100.0
14.4,100.0
14.416666666666666,100.0
14.433333333333334,100.0
14.45,100.0
14.466666666666667,100.0
14.483333333333333,100.0
14.5,100.0
14.516666666666666,100.0
14.533333333333333,100.0
14.549999999999999,100.0
14.566666666666666,100.0
14.583333333333334,100.0
14.6,100.0
14.616666666666667,100.0
14.633333333333333,100.0
14.65,100.0
14.666666666666666,100.0
14.683333333333334,100.0
14.7,100.0
14.716666666666667,100.0
14.733333333333333,100.0
14.75,100.0
14.766666666666666,100.0
14.783333333333333,100.0
14.799999999999999,100.0
14.816666666666666,100.0
14.833333333333334,100.0
14.85,100.0
14.866666666666667,100.0
14.883333333333333,100.0
14.9,100.0
14.916666666666666,100.0
14.933333333333334,100.0
14.95,100.0
14.966666666666667,100.0
14.983333333333333,100.0
15.0,140.0
15.016666666666666,139.83333333333334
15.033333333333333,139.66666666666666
15.049999999999999,139.5
15.066666666666666,139.33333333333334
15.083333333333334,139.16666666666666
15.1,139.0
15.116666666666667,138.83333333333334
15.133333333333333,138.66666666666666
15.15,138.5
15.166666666666666,138.33333333333334
15.183333333333334,138.16666666666666
15.2,138.0
15.216666666666667,137.83333333333334
15.233333333333333,137.66666666666666
15.25,137.5
15.266666666666666,137.33333333333334
15.283333333333333,137.16666666666666
15.299999999999999,137.0
15.316666666666666,136.83333333333334
15.333333333333334,136.66666666666666
15.35,136.5
15.366666666666667,136.33333333333334
15.383333333333333,136.16666666666666
15.4,136.0
15.416666666666666,135.83333333333334
15.433333333333334,135.66666666666666
15.45,135.5
15.466666666666667,135.33333333333334
15.483333333333333,135.16666666666666
15.5,135.0
15.516666666666666,134.83333333333334
15.533333333333333,134.66666666666666
15.549999999999999,134.5
15.566666666666666,134.33333333333334
15.583333333333334,134.16666666666666
15.6,134.0
15.616666666666667,133.83333333333334
15.633333333333333,133.66666666666666
15.65,133.5
15.666666666666666,133.33333333333334
15.683333333333334,133.16666666666666
15.7,133.0
15.716666666666667,132.83333333333334
15.733333333333333,132.66666666666666
15.75,132.5
15.766666666666666,132.33333333333334
15.783333333333333,132.16666666666666
15.799999999999999,132.0
15.816666666666666,131.83333333333334
15.833333333333334,131.66666666666666
15.85,131.5
15.866666666666667,131.33333333333334
15.883333333333333,131.16666666666666
15.9,131.0
15.916666666666666,130.83333333333334
15.933333333333334,130.66666666666666
15.95,130.5
15.966666666666667,130.33333333333334
15.983333333333333,130.16666666666666
16.0,130.0
16.016666666666666,129.83333333333334
16.03333333333333,129.66666666666666
16.05,129.5
16.066666666666666,129.33333333333334
16.083333333333332,129.16666666666666
16.1,129.0
16.116666666666667,128.83333333333334
16.133333333333333,128.66666666666666
16.15,128.5
16.166666666666668,128.33333333333334
16.183333333333334,128.16666666666666
16.2,128.0
16.216666666666665,127.83333333333333
16.233333333333334,127.66666666666667
16.25,127.5
16.266666666666666,127.33333333333333
16.28333333333333,127.16666666666667
16.3,127.0
16.316666666666666,126.83333333333333
16.333333333333332,126.66666666666667
16.35,126.5
16.366666666666667,126.33333333333333
16.383333333333333,126.16666666666667
16.4,126.0
16.416666666666668,125.83333333333333
16.433333333333334,125.66666666666667
16.45,125.5
16.466666666666665,125.33333333333333
16.483333333333334,125.16666666666667
16.5,125.0
16.516666666666666,124.83333333333333
16.53333333333333,124.66666666666667
16.55,124.5
16.566666666666666,124.33333333333333
16.583333333333332,124.16666666666667
16.6,124.0
16.616666666666667,123.83333333333334
16.633333333333333,123.66666666666667
16.65,123.5
16.666666666666668,123.33333333333334
16.683333333333334,123.16666666666667
16.7,123.0
16.716666666666665,122.83333333333334
16.733333333333334,122.66666666666667
16.75,122.5
16.766666666666666,122.33333333333334
16.78333333333333,122.16666666666667
16.8,122.0
16.816666666666666,121.83333333333334
16.833333333333332,121.66666666666667
16.85,121.5
16.866666666666667,121.33333333333334
16.883333333333333,121.16666666666667
16.9,121.0
16.916666666666668,120.83333333333334
16.933333333333334,120.66666666666667
16.95,120.5
16.966666666666665,120.33333333333334
16.983333333333334,120.16666666666667
17.0,120.0
17.016666666666666,119.83333333333334
17.03333333333333,119.66666666666667
17.05,119.5
17.066666666666666,119.33333333333334
17.083333333333332,119.16666666666667
17.1,119.0
17.116666666666667,118.83333333333334
17.133333333333333,118.66666666666667
17.15,118.5
17.166666666666668,118.33333333333334
17.183333333333334,118.16666666666667
17.2,118.0
17.216666666666665,117.83333333333334
17.233333333333334,117.66666666666667
17.25,117.5
17.266666666666666,117.33333333333334
17.28333333333333,117.16666666666667
17.3,117.0
17.316666666666666,116.83333333333334
17.333333333333332,116.66666666666667
17.35,116.5
17.366666666666667,116.33333333333334
17.383333333333333,116.16666666666667
17.4,116.0
17.416666666666668,115.83333333333334
17.433333333333334,115.66666666666667
17.45,115.5
17.466666666666665,115.33333333333334
17.483333333333334,115.16666666666667
17.5,115.0
17.516666666666666,114.83333333333334
17.53333333333333,114.66666666666667
17.55,114.5
17.566666666666666,114.33333333333334
17.583333333333332,114.16666666666667
17.6,114.0
17.616666666666667,113.83333333333334
17.633333333333333,113.66666666666667
17.65,113.5
17.666666666666668,113.33333333333334
17.683333333333334,113.16666666666667
17.7,113.0
17.716666666666665,112.83333333333334
17.733333333333334,112.66666666666667
17.75,112.5
17.766666666666666,112.33333333333334
17.78333333333333,112.16666666666667
17.8,112.0
17.816666666666666,111.83333333333334
17.833333333333332,111.66666666666667
17.85,111.5
17.866666666666667,111.33333333333334
17.883333333333333,111.16666666666667
17.9,111.0
17.916666666666668,110.83333333333334
17.933333333333334,110.66666666666667
17.95,110.5
17.966666666666665,110.33333333333334
17.983333333333334,110.16666666666667
18.0,110.0
18.016666666666666,109.83333333333334
18.03333333333333,109.66666666666667
18.05,109.5
18.066666666666666,109.33333333333334
18.083333333333332,109.16666666666667
18.1,109.0
18.116666666666667,108.83333333333334
18.133333333333333,108.66666666666667
18.15,108.5
18.166666666666668,108.33333333333334
18.183333333333334,108.16666666666667
18.2,108.0
18.216666666666665,107.83333333333334
18.233333333333334,107.66666666666667
18.25,107.5
18.266666666666666,107.33333333333334
18.28333333333333,107.16666666666667
18.3,107.0
18.316666666666666,106.83333333333334
18.333333333333332,106.66666666666667
18.35,106.5
18.366666666666667,106.33333333333334
18.383333333333333,106.16666666666667
18.4,106.0
18.416666666666668,105.83333333333334
18.433333333333334,105.66666666666667
18.45,105.5
18.466666666666665,105.33333333333334
18.483333333333334,105.16666666666667
18.5,105.0
18.516666666666666,104.83333333333334
18.53333333333333,104.66666666666667
18.55,104.5
18.566666666666666,104.33333333333334
18.583333333333332,104.16666666666667
18.6,104.0
18.616666666666667,103.83333333333334
18.633333333333333,103.66666666666667
18.65,103.5
18.666666666666668,103.33333333333334
18.683333333333334,103.16666666666667
18.7,103.0
18.716666666666665,102.83333333333334
18.733333333333334,102.66666666666667
18.75,102.5
18.766666666666666,102.33333333333334
18.78333333333333,102.16666666666667
18.8,102.0
18.816666666666666,101.83333333333334
18.833333333333332,101.66666666666667
18.85,101.5
18.866666666666667,101.33333333333334
18.883333333333333,101.16666666666667
18.9,101.0
18.916666666666668,100.83333333333334
18.933333333333334,100.66666666666667
18.95,100.5
18.966666666666665,100.33333333333334
18.983333333333334,100.16666666666667
19.0,100.0
19.016666666666666,100.0
19.03333333333333,100.0
19.05,100.0
19.066666666666666,100.0
19.083333333333332,100.0
19.1,100.0
19.116666666666667,100.0
19.133333333333333,100.0
19.15,100.0
19.166666666666668,100.0
19.183333333333334,100.0
19.2,100.0
19.216666666666665,100.0
19.233333333333334,100.0
19.25,100.0
19.266666666666666,100.0
19.28333333333333,100.0
19.3,100.0
19.316666666666666,100.0
19.333333333333332,100.0
19.35,100.0
19.366666666666667,100.0
19.383333333333333,100.0
19.4,100.0
19.416666666666668,100.0
19.433333333333334,100.0
19.45,100.0
19.466666666666665,100.0
19.483333333333334,100.0
19.5,100.0
19.516666666666666,100.0
19.53333333333333,100.0
19.55,100.0
19.566666666666666,100.0
19.583333333333332,100.0
19.6,100.0
19.616666666666667,100.0
19.633333333333333,100.0
19.65,100.0
19.666666666666668,100.0
19.683333333333334,100.0
19.7,100.0
19.716666666666665,100.0
19.733333333333334,100.0
19.75,100.0
19.766666666666666,100.0
19.78333333333333,100.0
19.8,100.0
19.816666666666666,100.0
19.833333333333332,100.0
19.85,100.0
19.866666666666667,100.0
19.883333333333333,100.0
19.9,100.0
19.916666666666668,100.0
19.933333333333334,100.0
19.95,100.0
19.966666666666665,100.0
19.983333333333334,100.0
20.0,100.0
20.016666666666666,100.0
20.03333333333333,100.0
20.05,100.0
20.066666666666666,100.0
20.083333333333332,100.0
20.1,100.0
20.116666666666667,100.0
20.133333333333333,100.0
20.15,100.0
20.166666666666668,100.0
20.183333333333334,100.0
20.2,100.0
20.216666666666665,100.0
20.233333333333334,100.0
20.25,100.0
20.266666666666666,100.0
20.28333333333333,100.0
20.3,100.0
20.316666666666666,100.0
20.333333333333332,100.0
20.35,100.0
20.366666666666667,100.0
20.383333333333333,100.0
20.4,100.0
20.416666666666668,100.0
20.433333333333334,100.0
20.45,100.0
20.466666666666665,100.0
20.483333333333334,100.0
20.5,100.0
20.516666666666666,100.0
20.53333333333333,100.0
20.55,100.0
20.566666666666666,100.0
20.583333333333332,100.0
20.6,100.0
20.616666666666667,100.0
20.633333333333333,100.0
20.65,100.0
20.666666666666668,100.0
20.683333333333334,100.0
20.7,100.0
20.716666666666665,100.0
20.733333333333334,100.0
20.75,100.0
20.766666666666666,100.0
20.78333333333333,100.0
20.8,100.0
20.816666666666666,100.0
20.833333333333332,100.0
20.85,100.0
20.866666666666667,100.0
20.883333333333333,100.0
20.9,100.0
20.916666666666668,100.0
20.933333333333334,100.0
20.95,100.0
20.966666666666665,100.0
20.983333333333334,100.0
21.0,100.0
21.016666666666666,100.0
21.03333333333333,100.0
21.05,100.0
21.066666666666666,100.0
21.083333333333332,100.0
21.1,100.0
21.116666666666667,100.0
21.133333333333333,100.0
21.15,100.0
21.166666666666668,100.0
21.183333333333334,100.0
21.2,100.0
21.216666666666665,100.0
21.233333333333334,100.0
21.25,100.0
21.266666666666666,100.0
21.28333333333333,100.0
21.3,100.0
21.316666666666666,100.0
21.333333333333332,100.0
21.35,100.0
21.366666666666667,100.0
21.383333333333333,100.0
21.4,100.0
21.416666666666668,100.0
21.433333333333334,100.0
21.45,100.0
21.466666666666665,100.0
21.483333333333334,100.0
21.5,100.0
21.516666666666666,100.0
21.53333333333333,100.0
21.55,100.0
21.566666666666666,100.0
21.583333333333332,100.0
21.6,100.0
21.616666666666667,100.0
21.633333333333333,100.0
21.65,100.0
21.666666666666668,100.0
21.683333333333334,100.0
21.7,100.0
21.716666666666665,100.0
21.733333333333334,100.0
21.75,100.0
21.766666666666666,100.0
21.78333333333333,100.0
21.8,100.0
21.816666666666666,100.0
21.833333333333332,100.0
21.85,100.0
21.866666666666667,100.0
21.883333333333333,100.0
21.9,100.0
21.916666666666668,100.0
21.933333333333334,100.0
21.95,100.0
21.966666666666665,100.0
21.983333333333334,100.0
22.0,100.0
22.016666666666666,100.0
22.03333333333333,100.0
22.05,100.0
22.066666666666666,100.0
22.083333333333332,100.0
22.1,100.0
22.116666666666667,100.0
22.133333333333333,100.0
22.15,100.0
22.166666666666668,100.0
22.183333333333334,100.0
22.2,100.0
22.216666666666665,100.0
22.233333333333334,100.0
22.25,100.0
22.266666666666666,100.0
22.28333333333333,100.0
22.3,100.0
22.316666666666666,100.0
22.333333333333332,100.0
22.35,100.0
22.366666666666667,100.0
22.383333333333333,100.0
22.4,100.0
22.416666666666668,100.0
22.433333333333334,100.0
22.45,100.0
22.466666666666665,100.0
22.483333333333334,100.0
22.5,100.0
22.516666666666666,100.0
22.53333333333333,100.0
22.55,100.0
22.566666666666666,100.0
22.583333333333332,100.0
22.6,100.0
22.616666666666667,100.0
22.633333333333333,100.0
22.65,100.0
22.666666666666668,100.0
22.683333333333334,100.0
22.7,100.0
22.716666666666665,100.0
22.733333333333334,100.0
22.75,100.0
22.766666666666666,100.0
22.78333333333333,100.0
22.8,100.0
22.816666666666666,100.0
22.833333333333332,100.0
22.85,100.0
22.866666666666667,100.0
22.883333333333333,100.0
22.9,100.0
22.916666666666668,100.0
22.933333333333334,100.0
22.95,100.0
22.966666666666665,100.0
22.983333333333334,100.0
23.0,100.0
23.016666666666666,100.0
23.03333333333333,100.0
23.05,100.0
23.066666666666666,100.0
23.083333333333332,100.0
23.1,100.0
23.116666666666667,100.0
23.133333333333333,100.0
23.15,100.0
23.166666666666668,100.0
23.183333333333334,100.0
23.2,100.0
23.216666666666665,100.0
23.233333333333334,100.0
23.25,100.0
23.266666666666666,100.0
23.28333333333333,100.0
23.3,100.0
23.316666666666666,100.0
23.333333333333332,100.0
23.35,100.0
23.366666666666667,100.0
23.383333333333333,100.0
23.4,100.0
23.416666666666668,100.0
23.433333333333334,100.0
23.45,100.0
23.466666666666665,100.0
23.483333333333334,100.0
23.5,100.0
23.516666666666666,100.0
23.53333333333333,100.0
23.55,100.0
23.566666666666666,100.0
23.583333333333332,100.0
23.6,100.0
23.616666666666667,100.0
23.633333333333333,100.0
23.65,100.0
23.666666666666668,100.0
23.683333333333334,100.0
23.7,100.0
23.716666666666665,100.0
23.733333333333334,100.0
23.75,100.0
23.766666666666666,100.0
23.78333333333333,100.0
23.8,100.0
23.816666666666666,100.0
23.833333333333332,100.0
23.85,100.0
23.866666666666667,100.0
23.883333333333333,100.0
23.9,100.0
23.916666666666668,100.0
23.933333333333334,100.0
23.95,100.0
23.966666666666665,100.0
23.983333333333334,100.0
24.0,100.0
24.016666666666666,100.0
24.03333333333333,100.0
24.05,100.0
24.066666666666666,100.0
24.083333333333332,100.0
24.1,100.0
24.116666666666667,100.0
24.133333333333333,100.0
24.15,100.0
24.166666666666668,100.0
24.183333333333334,100.0
24.2,100.0
24.216666666666665,100.0
24.233333333333334,100.0
24.25,100.0
24.266666666666666,100.0
24.28333333333333,100.0
24.3,100.0
24.316666666666666,100.0
24.333333333333332,100.0
24.35,100.0
24.366666666666667,100.0
24.383333333333333,100.0
24.4,100.0
24.416666666666668,100.0
24.433333333333334,100.0
24.45,100.0
24.466666666666665,100.0
24.483333333333334,100.0
24.5,100.0
24.516666666666666,100.0
24.53333333333333,100.0
24.55,100.0
24.566666666666666,100.0
24.583333333333332,100.0
24.6,100.0
24.616666666666667,100.0
24.633333333333333,100.0
24.65,100.0
24.666666666666668,100.0
24.683333333333334,100.0
24.7,100.0
24.716666666666665,100.0
24.733333333333334,100.0
24.75,100.0
24.766666666666666,100.0
24.78333333333333,100.0
24.8,100.0
24.816666666666666,100.0
24.833333333333332,100.0
24.85,100.0
24.866666666666667,100.0
24.883333333333333,100.0
24.9,100.0
24.916666666666668,100.0
24.933333333333334,100.0
24.95,100.0
24.966666666666665,100.0
24.983333333333334,100.0
25.0,100.0
25.016666666666666,100.0
25.03333333333333,100.0
25.05,100.0
25.066666666666666,100.0
25.083333333333332,100.0
25.1,100.0
25.116666666666667,100.0
25.133333333333333,100.0
25.15,100.0
25.166666666666668,100.0
25.183333333333334,100.0
25.2,100.0
25.216666666666665,100.0
25.233333333333334,100.0
25.25,100.0
25.266666666666666,100.0
25.28333333333333,100.0
25.3,100.0
25.316666666666666,100.0
25.333333333333332,100.0
25.35,100.0
25.366666666666667,100.0
25.383333333333333,100.0
25.4,100.0
25.416666666666668,100.0
25.433333333333334,100.0
25.45,100.0
25.466666666666665,100.0
25.483333333333334,100.0
25.5,100.0
25.516666666666666,100.0
25.53333333333333,100.0
25.55,100.0
25.566666666666666,100.0
25.583333333333332,100.0
25.6,100.0
25.616666666666667,100.0
25.633333333333333,100.0
25.65,100.0
25.666666666666668,100.0
25.683333333333334,100.0
25.7,100.0
25.716666666666665,100.0
25.733333333333334,100.0
25.75,100.0
25.766666666666666,100.0
25.78333333333333,100.0
25.8,100.0
25.816666666666666,100.0
25.833333333333332,100.0
25.849999999999998,100.0
25.866666666666667,100.0
25.883333333333333,100.0
25.9,100.0
25.916666666666668,100.0
25.933333333333334,100.0
25.95,100.0
25.966666666666665,100.0
25.983333333333334,100.0
26.0,100.0
26.016666666666666,100.0
26.03333333333333,100.0
26.05,100.0
26.066666666666666,100.0
26.083333333333332,100.0
26.099999999999998,100.0
26.116666666666667,100.0
26.133333333333333,100.0
26.15,100.0
26.166666666666668,100.0
26.183333333333334,100.0
26.2,100.0
26.216666666666665,100.0
26.233333333333334,100.0
26.25,100.0
26.266666666666666,100.0
26.28333333333333,100.0
26.3,100.0
26.316666666666666,100.0
26.333333333333332,100.0
26.349999999999998,100.0
26.366666666666667,100.0
26.383333333333333,100.0
26.4,100.0
26.416666666666668,100.0
26.433333333333334,100.0
26.45,100.0
26.466666666666665,100.0
26.483333333333334,100.0
26.5,100.0
26.516666666666666,100.0
26.53333333333333,100.0
26.55,100.0
26.566666666666666,100.0
26.583333333333332,100.0
26.599999999999998,100.0
26.616666666666667,100.0
26.633333333333333,100.0
26.65,100.0
26.666666666666668,100.0
26.683333333333334,100.0
26.7,100.0
26.716666666666665,100.0
26.733333333333334,100.0
26.75,100.0
26.766666666666666,100.0
26.78333333333333,100.0
26.8,100.0
26.816666666666666,100.0
26.833333333333332,100.0
26.849999999999998,100.0
26.866666666666667,100.0
26.883333333333333,100.0
26.9,100.0
26.916666666666668,100.0
26.933333333333334,100.0
26.95,100.0
26.966666666666665,100.0
26.983333333333334,100.0
27.0,100.0
27.016666666666666,100.0
27.03333333333333,100.0
27.05,100.0
27.066666666666666,100.0
27.083333333333332,100.0
27.099999999999998,100.0
27.116666666666667,100.0
27.133333333333333,100.0
27.15,100.0
27.166666666666668,100.0
27.183333333333334,100.0
27.2,100.0
27.216666666666665,100.0
27.233333333333334,100.0
27.25,100.0
27.266666666666666,100.0
27.28333333333333,100.0
27.3,100.0
27.316666666666666,100.0
27.333333333333332,100.0
27.349999999999998,100.0
27.366666666666667,100.0
27.383333333333333,100.0
27.4,100.0
27.416666666666668,100.0
27.433333333333334,100.0
27.45,100.0
27.466666666666665,100.0
27.483333333333334,100.0
27.5,100.0
27.516666666666666,100.0
27.53333333333333,100.0
27.55,100.0
27.566666666666666,100.0
27.583333333333332,100.0
27.599999999999998,100.0
27.616666666666667,100.0
27.633333333333333,100.0
27.65,100.0
27.666666666666668,100.0
27.683333333333334,100.0
27.7,100.0
27.716666666666665,100.0
27.733333333333334,100.0
27.75,100.0
27.766666666666666,100.0
27.78333333333333,100.0
27.8,100.0
27.816666666666666,100.0
27.833333333333332,100.0
27.849999999999998,100.0
27.866666666666667,100.0
27.883333333333333,100.0
27.9,100.0
27.916666666666668,100.0
27.933333333333334,100.0
27.95,100.0
27.966666666666665,100.0
27.983333333333334,100.0
28.0,100.0
28.016666666666666,100.0
28.03333333333333,100.0
28.05,100.0
28.066666666666666,100.0
28.083333333333332,100.0
28.099999999999998,100.0
28.116666666666667,100.0
28.133333333333333,100.0
28.15,100.0
28.166666666666668,100.0
28.183333333333334,100.0
28.2,100.0
28.216666666666665,100.0
28.233333333333334,100.0
28.25,100.0
28.266666666666666,100.0
28.28333333333333,100.0
28.3,100.0
28.316666666666666,100.0
28.333333333333332,100.0
28.349999999999998,100.0
28.366666666666667,100.0
28.383333333333333,100.0
28.4,100.0
28.416666666666668,100.0
28.433333333333334,100.0
28.45,100.0
28.466666666666665,100.0
28.483333333333334,100.0
28.5,100.0
28.516666666666666,100.0
28.53333333333333,100.0
28.55,100.0
28.566666666666666,100.0
28.583333333333332,100.0
28.599999999999998,100.0
28.616666666666667,100.0
28.633333333333333,100.0
28.65,100.0
28.666666666666668,100.0
28.683333333333334,100.0
28.7,100.0
28.716666666666665,100.0
28.733333333333334,100.0
28.75,100.0
28.766666666666666,100.0
28.78333333333333,100.0
28.8,100.0
28.816666666666666,100.0
28.833333333333332,100.0
28.849999999999998,100.0
28.866666666666667,100.0
28.883333333333333,100.0
28.9,100.0
28.916666666666668,100.0
28.933333333333334,100.0
28.95,100.0
28.966666666666665,100.0
28.983333333333334,100.0
29.0,100.0
29.016666666666666,100.0
29.03333333333333,100.0
29.05,100.0
29.066666666666666,100.0
29.083333333333332,100.0
29.099999999999998,100.0
29.116666666666667,100.0
29.133333333333333,100.0
29.15,100.0
29.166666666666668,100.0
29.183333333333334,100.0
29.2,100.0
29.216666666666665,100.0
29.233333333333334,100.0
29.25,100.0
29.266666666666666,100.0
29.28333333333333,100.0
29.3,100.0
29.316666666666666,100.0
29.333333333333332,100.0
29.349999999999998,100.0
29.366666666666667,100.0
29.383333333333333,100.0
29.4,100.0
29.416666666666668,100.0
29.433333333333334,100.0
29.45,100.0
29.466666666666665,100.0
29.483333333333334,100.0
29.5,100.0
29.516666666666666,100.0
29.53333333333333,100.0
29.55,100.0
29.566666666666666,100.0
29.583333333333332,100.0
29.599999999999998,100.0
29.616666666666667,100.0
29.633333333333333,100.0
29.65,100.0
29.666666666666668,100.0
29.683333333333334,100.0
29.7,100.0
29.716666666666665,100.0
29.733333333333334,100.0
29.75,100.0
29.766666666666666,100.0
29.78333333333333,100.0
29.8,100.0
29.816666666666666,100.0
29.833333333333332,100.0
29.849999999999998,100.0
29.866666666666667,100.0
29.883333333333333,100.0
29.9,100.0
29.916666666666668,100.0
29.933333333333334,100.0
29.95,100.0
29.966666666666665,100.0
29.983333333333334,100.0
